Id,Kind,Size,X,Y,Width,Height,EntranceX,EntranceY,Notes
S1,Slot,Small,0,0,200,240,100,240,"North row. Units are 2D world pixels from the base's top-left corner; a Small slot is one 200x240 cell (D65)"
L1,Slot,Large,200,0,600,240,500,240,"3 cells wide = 3 work stations (§2.1)"
M1,Slot,Medium,800,0,400,240,1000,240,"2 cells wide = 2 work stations (§2.1)"
S2,Slot,Small,1200,0,200,240,1300,240,
S3,Slot,Small,0,560,200,240,100,560,"South row"
S4,Slot,Small,200,560,200,240,300,560,
M2,Slot,Medium,400,560,400,240,600,560,
S5,Slot,Small,1000,560,200,240,1100,560,
S6,Slot,Small,1200,560,200,240,1300,560,
Yard,Yard,,0,240,1400,320,,,"Open walkable floor between the rows; every slot entrance sits on its edge (the future navmesh, D60)"
Gate,Gate,,800,560,200,240,900,800,"The way out of the base (Expeditions); entrance = the outer door on the south wall"
Leisure1,Leisure,,300,450,0,0,300,450,"Placeholder leisure points in the Yard (D82): characters go to one when worktime is closed; real Leisure buildings come later (D51)"
Leisure2,Leisure,,700,450,0,0,700,450,
Leisure3,Leisure,,1100,450,0,0,1100,450,
Wander1,Wander,,150,330,0,0,150,330,"Waypoints an idle character wanders between (D82)"
Wander2,Wander,,450,330,0,0,450,330,
Wander3,Wander,,750,330,0,0,750,330,
Wander4,Wander,,1050,330,0,0,1050,330,
Wander5,Wander,,1250,330,0,0,1250,330,
Dormitory,Dormitory,,20,480,440,70,240,515,"The sleeping building in the Yard (D85): characters sleep in it at night, one to a bunk; its bunks are the Sleep points"
Sleep1,Sleep,,70,520,0,0,70,520,"Bunks inside the Dormitory (D85): each character picks a free one at night (6 bunks for a starting crew of 4)"
Sleep2,Sleep,,140,520,0,0,140,520,
Sleep3,Sleep,,210,520,0,0,210,520,
Sleep4,Sleep,,280,520,0,0,280,520,
Sleep5,Sleep,,350,520,0,0,350,520,
Sleep6,Sleep,,420,520,0,0,420,520,
